month,orders,customers,revenue,gross_profit,gross_margin_pct,avg_order_value,revenue_mom_growth_pct,revenue_yoy_growth_pct,revenue_ytd
2024-09-01,1331,1320,111877.96,57727.31,51.6,84.06,,,111877.96
2024-10-01,1410,1397,123794.38,64350.17,52,87.8,10.7,,235672.34
2024-11-01,1386,1375,112878.59,58494.93,51.8,81.44,-8.8,,348550.93
2024-12-01,1429,1415,119814.69,61989.29,51.7,83.85,6.1,,468365.62
2025-01-01,1486,1470,125900.61,65183.17,51.8,84.72,5.1,,125900.61
2025-02-01,1445,1433,125685.19,64881.69,51.6,86.98,-0.2,,251585.8
2025-03-01,1657,1639,139156.87,72205.67,51.9,83.98,10.7,,390742.67
2025-04-01,1632,1616,130510.56,67622.08,51.8,79.97,-6.2,,521253.23
2025-05-01,1826,1806,153607.01,79829.16,52,84.12,17.7,,674860.24
2025-06-01,1692,1674,145235.5,75568.96,52,85.84,-5.4,,820095.74
2025-07-01,1918,1888,163885.04,85364.52,52.1,85.45,12.8,,983980.78
2025-08-01,1928,1903,162482.68,84706.94,52.1,84.28,-0.9,,1146463.46
2025-09-01,1970,1946,173723.08,90003,51.8,88.18,6.9,55.3,1320186.54
2025-10-01,2239,2203,191052.4,99081.47,51.9,85.33,10,54.3,1511238.94
2025-11-01,2168,2134,178863.35,92405.6,51.7,82.5,-6.4,58.5,1690102.29
2025-12-01,2361,2325,198299.32,103034.47,52,83.99,10.9,65.5,1888401.61
2026-01-01,2414,2373,201342.92,105188.2,52.2,83.41,1.5,59.9,201342.92
2026-02-01,2411,2368,205652.51,106216.16,51.6,85.3,2.1,63.6,406995.43
2026-03-01,2652,2597,225245.57,116784.76,51.8,84.93,9.5,61.9,632241
2026-04-01,2870,2796,242497.39,126160.55,52,84.49,7.7,85.8,874738.39
2026-05-01,2998,2909,245026.32,127562.88,52.1,81.73,1,59.5,1119764.71
2026-06-01,3217,3103,278194.05,145217.27,52.2,86.48,13.5,91.5,1397958.76
2026-07-01,3780,3630,325173.96,169186.83,52,86.02,16.9,98.4,1723132.72
2026-08-01,4356,4111,368843.36,192062.32,52.1,84.67,13.4,127,2091976.08
