revenue_rank,category,units_sold,revenue,gross_profit,gross_margin_pct,revenue_share_pct,cumulative_share_pct,return_rate_pct,returned_value
1,Outerwear & Coats,2385,350549.9,194591.61,55.5,12.4,12.4,10.8,40101.15
2,Jeans,3291,325633.85,151598.39,46.6,11.5,23.9,12.3,46984.07
3,Sweaters,2921,219548.26,114260.72,52,7.7,31.6,11.8,30064.52
4,Suits & Sport Coats,1405,177357.39,106308.38,59.9,6.3,37.9,11.4,20084.09
5,Swim,2982,169027.98,83044.49,49.1,6,43.8,12.4,23669.74
6,Fashion Hoodies & Sweatshirts,3087,166933.14,80482.91,48.2,5.9,49.7,12,22567.8
7,Sleep & Lounge,2970,144497.14,74825.2,51.8,5.1,54.8,11.4,19900.53
8,Shorts,2938,139512.72,69447.92,49.8,4.9,59.7,12.9,18859.1
9,Tops & Tees,3135,128030.35,56336.76,44,4.5,64.3,10.9,15230.71
10,Dresses,1390,120881.06,66450.67,55,4.3,68.5,11.7,14690.64
11,Active,2410,117904.99,68519.93,58.1,4.2,72.7,11.7,17685.13
12,Intimates,3472,116132.55,54398.32,46.8,4.1,76.8,11.3,15604.03
13,Accessories,2580,111147.77,66699.15,60,3.9,80.7,11.9,14764.56
14,Pants,1798,109188.97,58985.59,54,3.9,84.6,11.9,14376.9
15,Blazers & Jackets,869,80391.54,50037.89,62.2,2.8,87.4,10.6,8386.47
16,Maternity,1311,65485.31,36523.27,55.8,2.3,89.7,12.7,9266.25
17,Underwear,1880,52259.35,27670.92,52.9,1.8,91.6,13,7429.66
18,Pants & Capris,955,51630.55,24402.93,47.3,1.8,93.4,9.7,5870.5
19,Plus,1082,39339.57,19690.48,50.1,1.4,94.8,13.2,5478.82
20,Suits,279,32995.26,13050.71,39.6,1.2,95.9,14.7,5608.05
21,Socks,1614,32322.23,12815.71,39.6,1.1,97.1,11.9,3876.6
22,Skirts,543,28904.86,17381.07,60.1,1,98.1,10.8,2659.66
23,Leggings,853,24178.2,9681.24,40,0.9,98.9,11.9,3268.42
24,Socks & Hosiery,970,16027.86,9580.89,59.8,0.6,99.5,12.3,2063.42
25,Jumpsuits & Rompers,213,8385.59,3962.02,47.2,0.3,99.8,13.1,1606.6
26,Clothing Sets,64,5647.84,2156.32,38.2,0.2,100,13.5,820.18
