cohort_month,cohort_size,m0,m1,m2,m3,m4,m5,m6
2025-09-01,1356,100,2.9,2.9,2.8,2.7,2.2,3.1
2025-10-01,1569,100,2.9,3.3,3.4,3.8,3.4,3.8
2025-11-01,1525,100,3.5,3.1,3.5,3.5,3.1,4.1
2025-12-01,1637,100,4,4,3.5,4.2,4.4,4.3
2026-01-01,1652,100,3.3,3.8,3.7,3.8,4.2,4.1
2026-02-01,1599,100,5.2,4.8,4.6,4.2,4.4,4.9
2026-03-01,1753,100,4.9,5.6,4.1,4.7,5,
2026-04-01,1865,100,5.6,5.4,5.4,5.9,,
2026-05-01,1910,100,7,6.1,7.4,,,
2026-06-01,2067,100,7.8,7.9,,,,
2026-07-01,2386,100,9.8,,,,,
2026-08-01,2606,100,,,,,,
