category,revenue
Outerwear & Coats,48520.49
Jeans,40499.18
Sweaters,28991.81
Swim,22082.59
Suits & Sport Coats,20821.59
Fashion Hoodies & Sweatshirts,19821.91
Sleep & Lounge,19498.06
Shorts,18485.09
Active,16105.01
Intimates,15615.82
Accessories,15430.94
Tops & Tees,15419.57
Dresses,14679.5
Pants,12299.55
Blazers & Jackets,12130.95
Maternity,10070.93
Pants & Capris,7715.37
Underwear,6147.72
Suits,5086.57
Plus,4677.24
Skirts,4175.44
Socks,3962.3
Leggings,2985.71
Socks & Hosiery,1722.11
Jumpsuits & Rompers,1293.94
Clothing Sets,603.97
